Full Name,Phone,Email,Age,Experience,Yearly Income,Has Children,License States,Expiration Date,License Number
Ruy Kemmett,267 164 5699,rkemmett0@tiny.cc,95.4,73,535568.43534,true,PA,38/03/2020,2811h3
Dagmar Burrell,+1 713 104 1822,gMarQuese5@oakley.com,63,52,266509,false,TEXAS|TEX|TX,12/27/2020,5d2h5k
Constantina Dunks,+1 612 932 5152,cdunks2@ask,5,56,2618204,false,MN,08/22/2020,712278
Hailey Heintz,+1 608 832 1889,hheintz3@jugem.jp,70,31,972201.34534,+,WI,08/01/2020,4d7532
Evered Spurritt,+1 904 673788,espurritt4@webeden.co.uk,39,86,312977,false,PA,01/05/2021,753930
Geri Marquese,+1 801 924 0966,gmarquese5@oakley.com,33,17,7179943,true,UT,6/1/2020,632728
Sonnie Clemendot,+1 605 702 31681,sclemendot6@quantcast.com,93,53,303569,false,SD,45/28/2020,717482
Merrilee Semerad,+1 850 906 3912,msemerad7@rakuten.co.jp,11,67,770638,tru,FL,9/24/2020,91884
Melly Coggell,1267 164 5699,mcoggell8nifty.com,71,19,140067.5,false,FL | Florida,2020-08-27,25te86
Orville Cawker,1 608 702 6813,ocawker9@blogs.com,94,32,642137.4534,true,WI,04/11/2020,30f590
